{
  "Total" : {
    "transaction" : "Total",
    "sampleCount" : 75,
    "errorCount" : 0,
    "errorPct" : 0.0,
    "meanResTime" : 356.62666666666655,
    "medianResTime" : 307.0,
    "minResTime" : 245.0,
    "maxResTime" : 1094.0,
    "pct1ResTime" : 480.4,
    "pct2ResTime" : 512.0,
    "pct3ResTime" : 1094.0,
    "throughput" : 2.7924640702956287,
    "receivedKBytesPerSec" : 4.632508819532355,
    "sentKBytesPerSec" : 1.0335389478926205
  },
  "POST Request" : {
    "transaction" : "POST Request",
    "sampleCount" : 25,
    "errorCount" : 0,
    "errorPct" : 0.0,
    "meanResTime" : 475.36,
    "medianResTime" : 454.0,
    "minResTime" : 380.0,
    "maxResTime" : 1094.0,
    "pct1ResTime" : 527.2,
    "pct2ResTime" : 930.7999999999996,
    "pct3ResTime" : 1094.0,
    "throughput" : 0.952961805290844,
    "receivedKBytesPerSec" : 1.8436460676031103,
    "sentKBytesPerSec" : 0.6095605297514676
  },
  "DELETE Request" : {
    "transaction" : "DELETE Request",
    "sampleCount" : 25,
    "errorCount" : 0,
    "errorPct" : 0.0,
    "meanResTime" : 316.96000000000004,
    "medianResTime" : 306.0,
    "minResTime" : 283.0,
    "maxResTime" : 409.0,
    "pct1ResTime" : 390.20000000000005,
    "pct2ResTime" : 408.4,
    "pct3ResTime" : 409.0,
    "throughput" : 0.9825885312266636,
    "receivedKBytesPerSec" : 1.0834190027708996,
    "sentKBytesPerSec" : 0.2725147879573949
  },
  "GET Request" : {
    "transaction" : "GET Request",
    "sampleCount" : 25,
    "errorCount" : 0,
    "errorPct" : 0.0,
    "meanResTime" : 277.5600000000001,
    "medianResTime" : 267.0,
    "minResTime" : 245.0,
    "maxResTime" : 349.0,
    "pct1ResTime" : 316.20000000000005,
    "pct2ResTime" : 340.59999999999997,
    "pct3ResTime" : 349.0,
    "throughput" : 0.9869330069874857,
    "receivedKBytesPerSec" : 1.914187408708697,
    "sentKBytesPerSec" : 0.19083274939797087
  }
}