{
  "Total" : {
    "transaction" : "Total",
    "sampleCount" : 3,
    "errorCount" : 0,
    "errorPct" : 0.0,
    "meanResTime" : 353.0,
    "medianResTime" : 296.0,
    "minResTime" : 257.0,
    "maxResTime" : 506.0,
    "pct1ResTime" : 506.0,
    "pct2ResTime" : 506.0,
    "pct3ResTime" : 506.0,
    "throughput" : 2.827521206409048,
    "receivedKBytesPerSec" : 4.6904453345900095,
    "sentKBytesPerSec" : 1.0465141965127238
  },
  "POST Request" : {
    "transaction" : "POST Request",
    "sampleCount" : 1,
    "errorCount" : 0,
    "errorPct" : 0.0,
    "meanResTime" : 506.0,
    "medianResTime" : 506.0,
    "minResTime" : 506.0,
    "maxResTime" : 506.0,
    "pct1ResTime" : 506.0,
    "pct2ResTime" : 506.0,
    "pct3ResTime" : 506.0,
    "throughput" : 1.976284584980237,
    "receivedKBytesPerSec" : 3.8232614871541504,
    "sentKBytesPerSec" : 1.2641273468379446
  },
  "DELETE Request" : {
    "transaction" : "DELETE Request",
    "sampleCount" : 1,
    "errorCount" : 0,
    "errorPct" : 0.0,
    "meanResTime" : 296.0,
    "medianResTime" : 296.0,
    "minResTime" : 296.0,
    "maxResTime" : 296.0,
    "pct1ResTime" : 296.0,
    "pct2ResTime" : 296.0,
    "pct3ResTime" : 296.0,
    "throughput" : 3.3783783783783785,
    "receivedKBytesPerSec" : 3.7247941300675675,
    "sentKBytesPerSec" : 0.9369721283783784
  },
  "GET Request" : {
    "transaction" : "GET Request",
    "sampleCount" : 1,
    "errorCount" : 0,
    "errorPct" : 0.0,
    "meanResTime" : 257.0,
    "medianResTime" : 257.0,
    "minResTime" : 257.0,
    "maxResTime" : 257.0,
    "pct1ResTime" : 257.0,
    "pct2ResTime" : 257.0,
    "pct3ResTime" : 257.0,
    "throughput" : 3.8910505836575875,
    "receivedKBytesPerSec" : 7.546510214007782,
    "sentKBytesPerSec" : 0.7523711089494163
  }
}